<ImportExportXml xmlns:xsi="http://www.w3.org/2001/XMLSchema-instance" OrganizationVersion="9.2.25024.194" OrganizationSchemaType="Standard" CRMServerServiceabilityVersion="9.2.25024.00194">
  <Entities></Entities>
  <Roles></Roles>
  <Workflows></Workflows>
  <FieldSecurityProfiles></FieldSecurityProfiles>
  <Templates />
  <EntityMaps />
  <EntityRelationships />
  <OrganizationSettings />
  <optionsets />
  <CustomControls />
  <EntityDataProviders />
  <CanvasApps>
    <CanvasApp>
      <Name>wai_workattendanceinfo_d7c5b</Name>
      <AppVersion>2025-03-19T13:37:59Z</AppVersion>
      <Status>Ready</Status>
      <CreatedByClientVersion>3.25032.9.0</CreatedByClientVersion>
      <MinClientVersion>3.25032.9.0</MinClientVersion>
      <Tags>{"primaryDeviceWidth":"1366","primaryDeviceHeight":"768","supportsPortrait":"true","supportsLandscape":"true","primaryFormFactor":"Tablet","showStatusBar":"false","publisherVersion":"3.25032.9","minimumRequiredApiVersion":"2.2.0","hasComponent":"false","hasUnlockedComponent":"false","isUnifiedRootApp":"false","sienaVersion":"20250314T183025Z-3.25031.7.0"}</Tags>
      <IsCdsUpgraded>0</IsCdsUpgraded>
      <GalleryItemId xsi:nil="true"></GalleryItemId>
      <BackgroundColor>RGBA(0,176,240,1)</BackgroundColor>
      <DisplayName>WorkAttendanceInfo</DisplayName>
      <Description xsi:nil="true"></Description>
      <CommitMessage xsi:nil="true"></CommitMessage>
      <Publisher xsi:nil="true"></Publisher>
      <AuthorizationReferences>[]</AuthorizationReferences>
      <ConnectionReferences>{"d4c0b896-37e0-4754-9d2d-1f36eb450f51":{"id":"/providers/microsoft.powerapps/apis/shared_sharepointonline","displayName":"SharePoint","iconUri":"https://conn-afd-prod-endpoint-bmc9bqahasf3grgk.b01.azurefd.net/releases/v1.0.1738/1.0.1738.4131/sharepointonline/icon.png","dataSources":["FloorLists","WorkAttendanceInfo"],"dependencies":[],"dependents":[],"parameterHints":{},"parameterHintsV2":{},"isOnPremiseConnection":false,"bypassConsent":false,"dataSets":{"https://rnmgy.sharepoint.com/sites/wai_wai_SharePointSite":{"datasetOverride":{"name":"https://rnmgy.sharepoint.com/sites/wai","environmentVariableName":"wai_SharePointSite"},"dataSources":{"FloorLists":{"tableName":"088ffaa7-873c-4313-a965-35642439b698","tableNameOverride":{"name":"088ffaa7-873c-4313-a965-35642439b698","environmentVariableName":"wai_shared_sharepointonline_69d9ede695f74c978e12e582319f7903"}},"WorkAttendanceInfo":{"tableName":"4bb3640e-36d7-4475-91b6-52665a6559c8","tableNameOverride":{"name":"4bb3640e-36d7-4475-91b6-52665a6559c8","environmentVariableName":"new_shared_sharepointonline_6d4dc8c2208249afba832080f2abfea6"}}}}},"apiTier":"Standard","actions":["providers/PowerPlatform.Governance/Operations/Read","providers/PowerPlatform.Governance/Operations/Write","providers/PowerPlatform.Governance/Operations/Delete"]},"cce4e729-ea0c-4237-a6cd-6772f40adbd6":{"id":"/providers/microsoft.powerapps/apis/shared_office365users","displayName":"Office 365 Users","iconUri":"https://conn-afd-prod-endpoint-bmc9bqahasf3grgk.b01.azurefd.net/releases/v1.0.1735/1.0.1735.4103/office365users/icon.png","dataSources":["Office365Users"],"dependencies":[],"dependents":[],"parameterHints":{},"parameterHintsV2":{},"isOnPremiseConnection":false,"bypassConsent":false,"dataSets":{},"apiTier":"Standard","actions":["UserPhoto_V2"]}}</ConnectionReferences>
      <DatabaseReferences>{}</DatabaseReferences>
      <AppComponents>[]</AppComponents>
      <AppComponentDependencies>[]</AppComponentDependencies>
      <CanConsumeAppPass>0</CanConsumeAppPass>
      <CanvasAppType>0</CanvasAppType>
      <BypassConsent>0</BypassConsent>
      <AdminControlBypassConsent>0</AdminControlBypassConsent>
      <EmbeddedApp xsi:nil="true"></EmbeddedApp>
      <IntroducedVersion>1.0</IntroducedVersion>
      <CdsDependencies>{"cdsdependencies":[{"logicalname":"wai_SharePointSite","componenttype":380,"componenttypeplatformname":"EnvironmentVariableDefinition"},{"logicalname":"wai_shared_sharepointonline_69d9ede695f74c978e12e582319f7903","componenttype":380,"componenttypeplatformname":"EnvironmentVariableDefinition"},{"logicalname":"new_shared_sharepointonline_6d4dc8c2208249afba832080f2abfea6","componenttype":380,"componenttypeplatformname":"EnvironmentVariableDefinition"}]}</CdsDependencies>
      <IsCustomizable>1</IsCustomizable>
      <BackgroundImageUri>/CanvasApps/wai_workattendanceinfo_d7c5b_BackgroundImageUri</BackgroundImageUri>
      <DocumentUri>/CanvasApps/wai_workattendanceinfo_d7c5b_DocumentUri.msapp</DocumentUri>
      <AdditionalUris>
        <AdditionalUri>/CanvasApps/wai_workattendanceinfo_d7c5b_AdditionalUris0_identity.json</AdditionalUri>
      </AdditionalUris>
    </CanvasApp>
  </CanvasApps>
  <Languages>
    <Language>1041</Language>
  </Languages>
</ImportExportXml>